x,y,i,j,z,k,grid_k,ZONES,ACTNUM
639749,6866075,0,0,34.6398,0,0,0,0
639749,6866075,0,0,-19.6635,131328,0,0,0
639749,6866075,0,0,-73.9668,262656,0,0,0
639749,6866075,0,0,-128.27,393984,0,0,0
639749,6866075,0,0,-128.27,525312,0,0,0
639749,6866075,0,0,-182.573,656640,0,0,0
639773,6866075,1,0,34.6367,1,1,0,0
639773,6866075,1,0,-19.666,131329,1,0,0
639773,6866075,1,0,-73.9688,262657,1,0,0
639773,6866075,1,0,-128.272,393985,1,0,0
639773,6866075,1,0,-128.272,525313,1,0,0
639773,6866075,1,0,-182.574,656641,1,0,0
639798,6866075,2,0,34.6295,2,2,0,0
639798,6866075,2,0,-19.6721,131330,2,0,0
639798,6866075,2,0,-73.9736,262658,2,0,0
639798,6866075,2,0,-128.275,393986,2,0,0
639798,6866075,2,0,-128.275,525314,2,0,0
639798,6866075,2,0,-182.577,656642,2,0,0
639822,6866075,3,0,34.6179,3,3,0,0
639822,6866075,3,0,-19.6817,131331,3,0,0
639822,6866075,3,0,-73.9814,262659,3,0,0
639822,6866075,3,0,-128.281,393987,3,0,0
639822,6866075,3,0,-128.281,525315,3,0,0
639822,6866075,3,0,-182.581,656643,3,0,0
639847,6866075,4,0,34.6049,4,4,0,0
639847,6866075,4,0,-19.6925,131332,4,0,0
639847,6866075,4,0,-73.99,262660,4,0,0
639847,6866075,4,0,-128.288,393988,4,0,0
639847,6866075,4,0,-128.288,525316,4,0,0
639847,6866075,4,0,-182.585,656644,4,0,0
639871,6866075,5,0,34.5881,5,5,0,0
639871,6866075,5,0,-19.7066,131333,5,0,0
639871,6866075,5,0,-74.0013,262661,5,0,0
639871,6866075,5,0,-128.296,393989,5,0,0
639871,6866075,5,0,-128.296,525317,5,0,0
639871,6866075,5,0,-182.591,656645,5,0,0
639896,6866075,6,0,34.5672,6,6,0,0
639896,6866075,6,0,-19.7239,131334,6,0,0
639896,6866075,6,0,-74.0151,262662,6,0,0
639896,6866075,6,0,-128.306,393990,6,0,0
639896,6866075,6,0,-128.306,525318,6,0,0
639896,6866075,6,0,-182.598,656646,6,0,0
639920,6866075,7,0,34.544,7,7,0,0
639920,6866075,7,0,-19.7433,131335,7,0,0
639920,6866075,7,0,-74.0307,262663,7,0,0
639920,6866075,7,0,-128.318,393991,7,0,0
639920,6866075,7,0,-128.318,525319,7,0,0
639920,6866075,7,0,-182.605,656647,7,0,0
639945,6866075,8,0,34.5183,8,8,0,0
639945,6866075,8,0,-19.7648,131336,8,0,0
639945,6866075,8,0,-74.0478,262664,8,0,0
639945,6866075,8,0,-128.331,393992,8,0,0
639945,6866075,8,0,-128.331,525320,8,0,0
639945,6866075,8,0,-182.614,656648,8,0,0
639969,6866075,9,0,34.4883,9,9,0,0
639969,6866075,9,0,-19.7898,131337,9,0,0
639969,6866075,9,0,-74.0678,262665,9,0,0
639969,6866075,9,0,-128.346,393993,9,0,0
639969,6866075,9,0,-128.346,525321,9,0,0
639969,6866075,9,0,-182.624,656649,9,0,0
639994,6866075,10,0,34.4547,10,10,0,0
639994,6866075,10,0,-19.8177,131338,10,0,0
639994,6866075,10,0,-74.0902,262666,10,0,0
639994,6866075,10,0,-128.363,393994,10,0,0
639994,6866075,10,0,-128.363,525322,10,0,0
639994,6866075,10,0,-182.635,656650,10,0,0
640018,6866075,11,0,34.4188,11,11,0,0
640018,6866075,11,0,-19.8476,131339,11,0,0
640018,6866075,11,0,-74.1141,262667,11,0,0
640018,6866075,11,0,-128.381,393995,11,0,0
640018,6866075,11,0,-128.381,525323,11,0,0
640018,6866075,11,0,-182.647,656651,11,0,0
640043,6866075,12,0,34.3794,12,12,0,0
640043,6866075,12,0,-19.8806,131340,12,0,0
640043,6866075,12,0,-74.1405,262668,12,0,0
640043,6866075,12,0,-128.4,393996,12,0,0
640043,6866075,12,0,-128.4,525324,12,0,0
640043,6866075,12,0,-182.66,656652,12,0,0
640067,6866075,13,0,34.3355,13,13,0,0
640067,6866075,13,0,-19.9171,131341,13,0,0
640067,6866075,13,0,-74.1697,262669,13,0,0
640067,6866075,13,0,-128.422,393997,13,0,0
640067,6866075,13,0,-128.422,525325,13,0,0
640067,6866075,13,0,-182.675,656653,13,0,0
640092,6866075,14,0,34.2889,14,14,0,0
640092,6866075,14,0,-19.9559,131342,14,0,0
640092,6866075,14,0,-74.2007,262670,14,0,0
640092,6866075,14,0,-128.445,393998,14,0,0
640092,6866075,14,0,-128.445,525326,14,0,0
640092,6866075,14,0,-182.69,656654,14,0,0
640116,6866075,15,0,34.2406,15,15,0,0
640116,6866075,15,0,-19.9962,131343,15,0,0
640116,6866075,15,0,-74.233,262671,15,0,0
640116,6866075,15,0,-128.47,393999,15,0,0
640116,6866075,15,0,-128.47,525327,15,0,0
640116,6866075,15,0,-182.707,656655,15,0,0
640141,6866075,16,0,34.1885,16,16,0,0
640141,6866075,16,0,-20.0396,131344,16,0,0
640141,6866075,16,0,-74.2677,262672,16,0,0
640141,6866075,16,0,-128.496,394000,16,0,0
640141,6866075,16,0,-128.496,525328,16,0,0
640141,6866075,16,0,-182.724,656656,16,0,0
640165,6866075,17,0,34.1331,17,17,0,0
640165,6866075,17,0,-20.0858,131345,17,0,0
640165,6866075,17,0,-74.3047,262673,17,0,0
640165,6866075,17,0,-128.524,394001,17,0,0
640165,6866075,17,0,-128.524,525329,17,0,0
640165,6866075,17,0,-182.742,656657,17,0,0
640190,6866075,18,0,34.0747,18,18,0,0
640190,6866075,18,0,-20.1344,131346,18,0,0
640190,6866075,18,0,-74.3435,262674,18,0,0
640190,6866075,18,0,-128.553,394002,18,0,0
640190,6866075,18,0,-128.553,525330,18,0,0
640190,6866075,18,0,-182.762,656658,18,0,0
640214,6866075,19,0,34.0136,19,19,0,0
640214,6866075,19,0,-20.1853,131347,19,0,0
640214,6866075,19,0,-74.3842,262675,19,0,0
640214,6866075,19,0,-128.583,394003,19,0,0
640214,6866075,19,0,-128.583,525331,19,0,0
640214,6866075,19,0,-182.782,656659,19,0,0
640239,6866075,20,0,33.9506,20,20,0,0
640239,6866075,20,0,-20.2378,131348,20,0,0
640239,6866075,20,0,-74.4262,262676,20,0,0
640239,6866075,20,0,-128.615,394004,20,0,0
640239,6866075,20,0,-128.615,525332,20,0,0
640239,6866075,20,0,-182.803,656660,20,0,0
640263,6866075,21,0,33.8838,21,21,0,0
640263,6866075,21,0,-20.2935,131349,21,0,0
640263,6866075,21,0,-74.4708,262677,21,0,0
640263,6866075,21,0,-128.648,394005,21,0,0
640263,6866075,21,0,-128.648,525333,21,0,0
640263,6866075,21,0,-182.825,656661,21,0,0
640288,6866075,22,0,33.814,22,22,0,0
640288,6866075,22,0,-20.3516,131350,22,0,0
640288,6866075,22,0,-74.5173,262678,22,0,0
640288,6866075,22,0,-128.683,394006,22,0,0
640288,6866075,22,0,-128.683,525334,22,0,0
640288,6866075,22,0,-182.849,656662,22,0,0
640312,6866075,23,0,33.7425,23,23,0,0
640312,6866075,23,0,-20.4112,131351,23,0,0
640312,6866075,23,0,-74.565,262679,23,0,0
640312,6866075,23,0,-128.719,394007,23,0,0
640312,6866075,23,0,-128.719,525335,23,0,0
640312,6866075,23,0,-182.872,656663,23,0,0
640336,6866075,24,0,33.6674,24,24,0,0
640336,6866075,24,0,-20.4738,131352,24,0,0
640336,6866075,24,0,-74.6151,262680,24,0,0
640336,6866075,24,0,-128.756,394008,24,0,0
640336,6866075,24,0,-128.756,525336,24,0,0
640336,6866075,24,0,-182.898,656664,24,0,0
640361,6866075,25,0,33.5904,25,25,0,0
640361,6866075,25,0,-20.538,131353,25,0,0
640361,6866075,25,0,-74.6665,262681,25,0,0
640361,6866075,25,0,-128.795,394009,25,0,0
640361,6866075,25,0,-128.795,525337,25,0,0
640361,6866075,25,0,-182.923,656665,25,0,0
640385,6866075,26,0,33.5114,26,26,0,0
640385,6866075,26,0,-20.6039,131354,26,0,0
640385,6866075,26,0,-74.7192,262682,26,0,0
640385,6866075,26,0,-128.834,394010,26,0,0
640385,6866075,26,0,-128.834,525338,26,0,0
640385,6866075,26,0,-182.95,656666,26,0,0
640410,6866075,27,0,33.4293,27,27,0,0
640410,6866075,27,0,-20.6722,131355,27,0,0
640410,6866075,27,0,-74.7738,262683,27,0,0
640410,6866075,27,0,-128.875,394011,27,0,0
640410,6866075,27,0,-128.875,525339,27,0,0
640410,6866075,27,0,-182.977,656667,27,0,0
640434,6866075,28,0,33.344,28,28,0,0
640434,6866075,28,0,-20.7433,131356,28,0,0
640434,6866075,28,0,-74.8306,262684,28,0,0
640434,6866075,28,0,-128.918,394012,28,0,0
640434,6866075,28,0,-128.918,525340,28,0,0
640434,6866075,28,0,-183.005,656668,28,0,0
640459,6866075,29,0,33.2571,29,29,0,0
640459,6866075,29,0,-20.8158,131357,29,0,0
640459,6866075,29,0,-74.8887,262685,29,0,0
640459,6866075,29,0,-128.962,394013,29,0,0
640459,6866075,29,0,-128.962,525341,29,0,0
640459,6866075,29,0,-183.034,656669,29,0,0
640483,6866075,30,0,33.1687,30,30,0,0
640483,6866075,30,0,-20.8895,131358,30,0,0
640483,6866075,30,0,-74.9476,262686,30,0,0
640483,6866075,30,0,-129.006,394014,30,0,0
640483,6866075,30,0,-129.006,525342,30,0,0
640483,6866075,30,0,-183.064,656670,30,0,0
640508,6866075,31,0,33.0781,31,31,0,0
640508,6866075,31,0,-20.9649,131359,31,0,0
640508,6866075,31,0,-75.0079,262687,31,0,0
640508,6866075,31,0,-129.051,394015,31,0,0
640508,6866075,31,0,-129.051,525343,31,0,0
640508,6866075,31,0,-183.094,656671,31,0,0
640532,6866075,32,0,32.9856,32,32,0,0
640532,6866075,32,0,-21.042,131360,32,0,0
640532,6866075,32,0,-75.0696,262688,32,0,0
640532,6866075,32,0,-129.097,394016,32,0,0
640532,6866075,32,0,-129.097,525344,32,0,0
640532,6866075,32,0,-183.125,656672,32,0,0
640557,6866075,33,0,32.8893,33,33,0,0
640557,6866075,33,0,-21.1223,131361,33,0,0
640557,6866075,33,0,-75.1338,262689,33,0,0
640557,6866075,33,0,-129.145,394017,33,0,0
640557,6866075,33,0,-129.145,525345,33,0,0
640557,6866075,33,0,-183.157,656673,33,0,0
640581,6866075,34,0,32.7903,34,34,0,0
640581,6866075,34,0,-21.2047,131362,34,0,0
640581,6866075,34,0,-75.1998,262690,34,0,0
640581,6866075,34,0,-129.195,394018,34,0,0
640581,6866075,34,0,-129.195,525346,34,0,0
640581,6866075,34,0,-183.19,656674,34,0,0
640606,6866075,35,0,32.6907,35,35,0,0
640606,6866075,35,0,-21.2877,131363,35,0,0
640606,6866075,35,0,-75.2662,262691,35,0,0
640606,6866075,35,0,-129.245,394019,35,0,0
640606,6866075,35,0,-129.245,525347,35,0,0
640606,6866075,35,0,-183.223,656675,35,0,0
640630,6866075,36,0,32.5902,36,36,0,0
640630,6866075,36,0,-21.3715,131364,36,0,0
640630,6866075,36,0,-75.3332,262692,36,0,0
640630,6866075,36,0,-129.295,394020,36,0,0
640630,6866075,36,0,-129.295,525348,36,0,0
640630,6866075,36,0,-183.257,656676,36,0,0
640655,6866075,37,0,32.4893,37,37,0,0
640655,6866075,37,0,-21.4556,131365,37,0,0
640655,6866075,37,0,-75.4004,262693,37,0,0
640655,6866075,37,0,-129.345,394021,37,0,0
640655,6866075,37,0,-129.345,525349,37,0,0
640655,6866075,37,0,-183.29,656677,37,0,0
640679,6866075,38,0,32.3844,38,38,0,0
640679,6866075,38,0,-21.543,131366,38,0,0
640679,6866075,38,0,-75.4705,262694,38,0,0
640679,6866075,38,0,-129.398,394022,38,0,0
640679,6866075,38,0,-129.398,525350,38,0,0
640679,6866075,38,0,-183.325,656678,38,0,0
640704,6866075,39,0,32.2751,39,39,0,0
640704,6866075,39,0,-21.6341,131367,39,0,0
640704,6866075,39,0,-75.5432,262695,39,0,0
640704,6866075,39,0,-129.452,394023,39,0,0
640704,6866075,39,0,-129.452,525351,39,0,0
640704,6866075,39,0,-183.362,656679,39,0,0
640728,6866075,40,0,32.1609,40,40,0,0
640728,6866075,40,0,-21.7292,131368,40,0,0
640728,6866075,40,0,-75.6193,262696,40,0,0
640728,6866075,40,0,-129.509,394024,40,0,0
640728,6866075,40,0,-129.509,525352,40,0,0
640728,6866075,40,0,-183.4,656680,40,0,0
640753,6866075,41,0,32.0421,41,41,0,0
640753,6866075,41,0,-21.8283,131369,41,0,0
640753,6866075,41,0,-75.6986,262697,41,0,0
640753,6866075,41,0,-129.569,394025,41,0,0
640753,6866075,41,0,-129.569,525353,41,0,0
640753,6866075,41,0,-183.439,656681,41,0,0
640777,6866075,42,0,31.9194,42,42,0,0
640777,6866075,42,0,-21.9306,131370,42,0,0
640777,6866075,42,0,-75.7805,262698,42,0,0
640777,6866075,42,0,-129.63,394026,42,0,0
640777,6866075,42,0,-129.63,525354,42,0,0
640777,6866075,42,0,-183.48,656682,42,0,0
640802,6866075,43,0,31.7892,43,43,0,0
640802,6866075,43,0,-22.039,131371,43,0,0
640802,6866075,43,0,-75.8672,262699,43,0,0
640802,6866075,43,0,-129.695,394027,43,0,0
640802,6866075,43,0,-129.695,525355,43,0,0
640802,6866075,43,0,-183.524,656683,43,0,0
640826,6866075,44,0,31.6479,44,44,0,0
640826,6866075,44,0,-22.1568,131372,44,0,0
640826,6866075,44,0,-75.9615,262700,44,0,0
640826,6866075,44,0,-129.766,394028,44,0,0
640826,6866075,44,0,-129.766,525356,44,0,0
640826,6866075,44,0,-183.571,656684,44,0,0
640851,6866075,45,0,31.49,45,45,0,0
640851,6866075,45,0,-22.2884,131373,45,0,0
640851,6866075,45,0,-76.0667,262701,45,0,0
640851,6866075,45,0,-129.845,394029,45,0,0
640851,6866075,45,0,-129.845,525357,45,0,0
640851,6866075,45,0,-183.623,656685,45,0,0
640875,6866075,46,0,31.3037,46,46,0,0
640875,6866075,46,0,-22.4436,131374,46,0,0
640875,6866075,46,0,-76.1909,262702,46,0,0
640875,6866075,46,0,-129.938,394030,46,0,0
640875,6866075,46,0,-129.938,525358,46,0,0
640875,6866075,46,0,-183.685,656686,46,0,0
640900,6866075,47,0,31.0708,47,47,0,0
640900,6866075,47,0,31.0708,131375,47,0,0
640900,6866075,47,0,31.0708,262703,47,8,1
640900,6866075,47,0,21.3863,394031,47,9,1
640900,6866075,47,0,6.09385,525359,47,10,1
640900,6866075,47,0,-1.00651,656687,47,11,1
640925,6866075,48,0,31.2003,48,48,0,0
640925,6866075,48,0,31.2003,131376,48,0,0
640925,6866075,48,0,31.2003,262704,48,8,1
640925,6866075,48,0,21.4798,394032,48,9,1
640925,6866075,48,0,5.96317,525360,48,10,1
640925,6866075,48,0,-1.2912,656688,48,11,1
640950,6866075,49,0,31.3392,49,49,0,0
640950,6866075,49,0,31.3392,131377,49,0,0
640950,6866075,49,0,31.3392,262705,49,8,1
640950,6866075,49,0,21.575,394033,49,9,1
640950,6866075,49,0,5.83542,525361,49,10,1
640950,6866075,49,0,-1.578,656689,49,11,1
640975,6866075,50,0,31.4876,50,50,0,0
640975,6866075,50,0,31.4876,131378,50,0,0
640975,6866075,50,0,31.4876,262706,50,0,0
640975,6866075,50,0,21.6714,394034,50,0,0
640975,6866075,50,0,5.7105,525362,50,0,0
640975,6866075,50,0,-1.8667,656690,50,0,0
640999,6866075,51,0,31.7388,51,51,0,0
640999,6866075,51,0,-22.081,131379,51,0,0
640999,6866075,51,0,-75.9008,262707,51,0,0
640999,6866075,51,0,-129.721,394035,51,0,0
640999,6866075,51,0,-129.721,525363,51,0,0
640999,6866075,51,0,-183.54,656691,51,0,0
641024,6866075,52,0,31.9497,52,52,0,0
641024,6866075,52,0,-21.9052,131380,52,0,0
641024,6866075,52,0,-75.7602,262708,52,0,0
641024,6866075,52,0,-129.615,394036,52,0,0
641024,6866075,52,0,-129.615,525364,52,0,0
641024,6866075,52,0,-183.47,656692,52,0,0
641049,6866075,53,0,32.1528,53,53,0,0
641049,6866075,53,0,-21.736,131381,53,0,0
641049,6866075,53,0,-75.6248,262709,53,0,0
641049,6866075,53,0,-129.514,394037,53,0,0
641049,6866075,53,0,-129.514,525365,53,0,0
641049,6866075,53,0,-183.402,656693,53,0,0
641074,6866075,54,0,32.3601,54,54,0,0
641074,6866075,54,0,-21.5632,131382,54,0,0
641074,6866075,54,0,-75.4865,262710,54,0,0
641074,6866075,54,0,-129.41,394038,54,0,0
641074,6866075,54,0,-129.41,525366,54,0,0
641074,6866075,54,0,-183.333,656694,54,0,0
641099,6866075,55,0,32.5776,55,55,0,0
641099,6866075,55,0,-21.3821,131383,55,0,0
641099,6866075,55,0,-75.3417,262711,55,0,0
641099,6866075,55,0,-129.301,394039,55,0,0
641099,6866075,55,0,-129.301,525367,55,0,0
641099,6866075,55,0,-183.261,656695,55,0,0
641124,6866075,56,0,32.809,56,56,0,0
641124,6866075,56,0,-21.1892,131384,56,0,0
641124,6866075,56,0,-75.1874,262712,56,0,0
641124,6866075,56,0,-129.186,394040,56,0,0
641124,6866075,56,0,-129.186,525368,56,0,0
641124,6866075,56,0,-183.184,656696,56,0,0
641149,6866075,57,0,33.0611,57,57,0,0
641149,6866075,57,0,-20.979,131385,57,0,0
641149,6866075,57,0,-75.0192,262713,57,0,0
641149,6866075,57,0,-129.059,394041,57,0,0
641149,6866075,57,0,-129.059,525369,57,0,0
641149,6866075,57,0,-183.1,656697,57,0,0
641174,6866075,58,0,33.3484,58,58,0,0
641174,6866075,58,0,-20.7397,131386,58,0,0
641174,6866075,58,0,-74.8277,262714,58,0,0
641174,6866075,58,0,-128.916,394042,58,0,0
641174,6866075,58,0,-128.916,525370,58,0,0
641174,6866075,58,0,-183.004,656698,58,0,0
641199,6866075,59,0,33.7058,59,59,0,0
641199,6866075,59,0,-20.4419,131387,59,0,0
641199,6866075,59,0,-74.5895,262715,59,0,0
641199,6866075,59,0,-128.737,394043,59,0,0
641199,6866075,59,0,-128.737,525371,59,0,0
641199,6866075,59,0,-182.885,656699,59,0,0
641224,6866075,60,0,34.0607,60,60,0,0
641224,6866075,60,0,-20.146,131388,60,0,0
641224,6866075,60,0,-74.3528,262716,60,0,0
641224,6866075,60,0,-128.56,394044,60,0,0
641224,6866075,60,0,-128.56,525372,60,0,0
641224,6866075,60,0,-182.766,656700,60,0,0
641249,6866075,61,0,34.4124,61,61,0,0
641249,6866075,61,0,-19.853,131389,61,0,0
641249,6866075,61,0,-74.1184,262717,61,0,0
641249,6866075,61,0,-128.384,394045,61,0,0
641249,6866075,61,0,-128.384,525373,61,0,0
641249,6866075,61,0,-182.649,656701,61,0,0
641273,6866075,62,0,34.7705,62,62,0,0
641273,6866075,62,0,-19.5546,131390,62,0,0
641273,6866075,62,0,-73.8797,262718,62,0,0
641273,6866075,62,0,-128.205,394046,62,0,0
641273,6866075,62,0,-128.205,525374,62,0,0
641273,6866075,62,0,-182.53,656702,62,0,0
641298,6866075,63,0,35.1455,63,63,0,0
641298,6866075,63,0,-19.2421,131391,63,0,0
641298,6866075,63,0,-73.6296,262719,63,0,0
641298,6866075,63,0,-128.017,394047,63,0,0
641298,6866075,63,0,-128.017,525375,63,0,0
641298,6866075,63,0,-182.405,656703,63,0,0
641323,6866075,64,0,35.5471,64,64,0,0
641323,6866075,64,0,-18.9074,131392,64,0,0
641323,6866075,64,0,-73.3619,262720,64,0,0
641323,6866075,64,0,-127.816,394048,64,0,0
641323,6866075,64,0,-127.816,525376,64,0,0
641323,6866075,64,0,-182.271,656704,64,0,0
641348,6866075,65,0,35.9864,65,65,0,0
641348,6866075,65,0,-18.5413,131393,65,0,0
641348,6866075,65,0,-73.0691,262721,65,0,0
641348,6866075,65,0,-127.597,394049,65,0,0
641348,6866075,65,0,-127.597,525377,65,0,0
641348,6866075,65,0,-182.125,656705,65,0,0
641373,6866075,66,0,36.4713,66,66,0,0
641373,6866075,66,0,-18.1373,131394,66,0,0
641373,6866075,66,0,-72.7459,262722,66,0,0
641373,6866075,66,0,-127.354,394050,66,0,0
641373,6866075,66,0,-127.354,525378,66,0,0
641373,6866075,66,0,-181.963,656706,66,0,0
641398,6866075,67,0,36.9716,67,67,0,0
641398,6866075,67,0,-17.7203,131395,67,0,0
641398,6866075,67,0,-72.4123,262723,67,0,0
641398,6866075,67,0,-127.104,394051,67,0,0
641398,6866075,67,0,-127.104,525379,67,0,0
641398,6866075,67,0,-181.796,656707,67,0,0
641423,6866075,68,0,37.4775,68,68,0,0
641423,6866075,68,0,-17.2988,131396,68,0,0
641423,6866075,68,0,-72.0751,262724,68,0,0
641423,6866075,68,0,-126.851,394052,68,0,0
641423,6866075,68,0,-126.851,525380,68,0,0
641423,6866075,68,0,-181.628,656708,68,0,0
641448,6866075,69,0,37.9927,69,69,0,0
641448,6866075,69,0,-16.8695,131397,69,0,0
641448,6866075,69,0,-71.7316,262725,69,0,0
641448,6866075,69,0,-126.594,394053,69,0,0
641448,6866075,69,0,-126.594,525381,69,0,0
641448,6866075,69,0,-181.456,656709,69,0,0
641473,6866075,70,0,38.5224,70,70,0,0
641473,6866075,70,0,-16.428,131398,70,0,0
641473,6866075,70,0,-71.3784,262726,70,0,0
641473,6866075,70,0,-126.329,394054,70,0,0
641473,6866075,70,0,-126.329,525382,70,0,0
641473,6866075,70,0,-181.279,656710,70,0,0
641498,6866075,71,0,39.0736,71,71,0,0
641498,6866075,71,0,-15.9686,131399,71,0,0
641498,6866075,71,0,-71.0109,262727,71,0,0
641498,6866075,71,0,-126.053,394055,71,0,0
641498,6866075,71,0,-126.053,525383,71,0,0
641498,6866075,71,0,-181.095,656711,71,0,0
641523,6866075,72,0,39.6515,72,72,0,0
641523,6866075,72,0,-15.4871,131400,72,0,0
641523,6866075,72,0,-70.6257,262728,72,0,0
641523,6866075,72,0,-125.764,394056,72,0,0
641523,6866075,72,0,-125.764,525384,72,0,0
641523,6866075,72,0,-180.903,656712,72,0,0
641548,6866075,73,0,40.2564,73,73,0,0
641548,6866075,73,0,-14.983,131401,73,0,0
641548,6866075,73,0,-70.2225,262729,73,0,0
641548,6866075,73,0,-125.462,394057,73,0,0
641548,6866075,73,0,-125.462,525385,73,0,0
641548,6866075,73,0,-180.701,656713,73,0,0
641572,6866075,74,0,40.8748,74,74,0,0
641572,6866075,74,0,-14.4677,131402,74,0,0
641572,6866075,74,0,-69.8101,262730,74,0,0
641572,6866075,74,0,-125.153,394058,74,0,0
641572,6866075,74,0,-125.153,525386,74,0,0
641572,6866075,74,0,-180.495,656714,74,0,0
641597,6866075,75,0,41.4997,75,75,0,0
641597,6866075,75,0,-13.9469,131403,75,0,0
641597,6866075,75,0,-69.3936,262731,75,0,0
641597,6866075,75,0,-124.84,394059,75,0,0
641597,6866075,75,0,-124.84,525387,75,0,0
641597,6866075,75,0,-180.287,656715,75,0,0
641622,6866075,76,0,42.1284,76,76,0,0
641622,6866075,76,0,-13.423,131404,76,0,0
641622,6866075,76,0,-68.9744,262732,76,0,0
641622,6866075,76,0,-124.526,394060,76,0,0
641622,6866075,76,0,-124.526,525388,76,0,0
641622,6866075,76,0,-180.077,656716,76,0,0
641647,6866075,77,0,42.7647,77,77,0,0
641647,6866075,77,0,-12.8927,131405,77,0,0
641647,6866075,77,0,-68.5502,262733,77,0,0
641647,6866075,77,0,-124.208,394061,77,0,0
641647,6866075,77,0,-124.208,525389,77,0,0
641647,6866075,77,0,-179.865,656717,77,0,0
641672,6866075,78,0,43.4101,78,78,0,0
641672,6866075,78,0,-12.3549,131406,78,0,0
641672,6866075,78,0,-68.1199,262734,78,0,0
641672,6866075,78,0,-123.885,394062,78,0,0
641672,6866075,78,0,-123.885,525390,78,0,0
641672,6866075,78,0,-179.65,656718,78,0,0
641697,6866075,79,0,44.0668,79,79,0,0
641697,6866075,79,0,-11.8077,131407,79,0,0
641697,6866075,79,0,-67.6822,262735,79,0,0
641697,6866075,79,0,-123.557,394063,79,0,0
641697,6866075,79,0,-123.557,525391,79,0,0
641697,6866075,79,0,-179.431,656719,79,0,0
641722,6866075,80,0,44.7333,80,80,0,0
641722,6866075,80,0,-11.2523,131408,80,0,0
641722,6866075,80,0,-67.2378,262736,80,0,0
641722,6866075,80,0,-123.223,394064,80,0,0
641722,6866075,80,0,-123.223,525392,80,0,0
641722,6866075,80,0,-179.209,656720,80,0,0
641747,6866075,81,0,45.4035,81,81,0,0
641747,6866075,81,0,-10.6937,131409,81,0,0
641747,6866075,81,0,-66.7909,262737,81,0,0
641747,6866075,81,0,-122.888,394065,81,0,0
641747,6866075,81,0,-122.888,525393,81,0,0
641747,6866075,81,0,-178.985,656721,81,0,0
641772,6866075,82,0,46.0728,82,82,0,0
641772,6866075,82,0,-10.136,131410,82,0,0
641772,6866075,82,0,-66.3448,262738,82,0,0
641772,6866075,82,0,-122.554,394066,82,0,0
641772,6866075,82,0,-122.554,525394,82,0,0
641772,6866075,82,0,-178.762,656722,82,0,0
641797,6866075,83,0,46.7386,83,83,0,0
641797,6866075,83,0,-9.58122,131411,83,0,0
641797,6866075,83,0,-65.901,262739,83,0,0
641797,6866075,83,0,-122.221,394067,83,0,0
641797,6866075,83,0,-122.221,525395,83,0,0
641797,6866075,83,0,-178.541,656723,83,0,0
641822,6866075,84,0,47.4004,84,84,0,0
641822,6866075,84,0,-9.02968,131412,84,0,0
641822,6866075,84,0,-65.4598,262740,84,0,0
641822,6866075,84,0,-121.89,394068,84,0,0
641822,6866075,84,0,-121.89,525396,84,0,0
641822,6866075,84,0,-178.32,656724,84,0,0
641847,6866075,85,0,48.0597,85,85,0,0
641847,6866075,85,0,-8.48024,131413,85,0,0
641847,6866075,85,0,-65.0202,262741,85,0,0
641847,6866075,85,0,-121.56,394069,85,0,0
641847,6866075,85,0,-121.56,525397,85,0,0
641847,6866075,85,0,-178.1,656725,85,0,0
641871,6866075,86,0,48.7177,86,86,0,0
641871,6866075,86,0,-7.9319,131414,86,0,0
641871,6866075,86,0,-64.5815,262742,86,0,0
641871,6866075,86,0,-121.231,394070,86,0,0
641871,6866075,86,0,-121.231,525398,86,0,0
641871,6866075,86,0,-177.881,656726,86,0,0
641896,6866075,87,0,49.3746,87,87,0,0
641896,6866075,87,0,-7.38452,131415,87,0,0
641896,6866075,87,0,-64.1436,262743,87,0,0
641896,6866075,87,0,-120.903,394071,87,0,0
641896,6866075,87,0,-120.903,525399,87,0,0
641896,6866075,87,0,-177.662,656727,87,0,0
641921,6866075,88,0,50.0279,88,88,0,0
641921,6866075,88,0,-6.84005,131416,88,0,0
641921,6866075,88,0,-63.708,262744,88,0,0
641921,6866075,88,0,-120.576,394072,88,0,0
641921,6866075,88,0,-120.576,525400,88,0,0
641921,6866075,88,0,-177.444,656728,88,0,0
641946,6866075,89,0,50.6749,89,89,0,0
641946,6866075,89,0,-6.30099,131417,89,0,0
641946,6866075,89,0,-63.2769,262745,89,0,0
641946,6866075,89,0,-120.253,394073,89,0,0
641946,6866075,89,0,-120.253,525401,89,0,0
641946,6866075,89,0,-177.229,656729,89,0,0
641971,6866075,90,0,51.3125,90,90,0,0
641971,6866075,90,0,-5.76961,131418,90,0,0
641971,6866075,90,0,-62.8517,262746,90,0,0
641971,6866075,90,0,-119.934,394074,90,0,0
641971,6866075,90,0,-119.934,525402,90,0,0
641971,6866075,90,0,-177.016,656730,90,0,0
641996,6866075,91,0,51.9384,91,91,0,0
641996,6866075,91,0,-5.24801,131419,91,0,0
641996,6866075,91,0,-62.4344,262747,91,0,0
641996,6866075,91,0,-119.621,394075,91,0,0
641996,6866075,91,0,-119.621,525403,91,0,0
641996,6866075,91,0,-176.807,656731,91,0,0
642021,6866075,92,0,52.5509,92,92,0,0
642021,6866075,92,0,-4.73753,131420,92,0,0
642021,6866075,92,0,-62.026,262748,92,0,0
642021,6866075,92,0,-119.314,394076,92,0,0
642021,6866075,92,0,-119.314,525404,92,0,0
642021,6866075,92,0,-176.603,656732,92,0,0
642046,6866075,93,0,53.1502,93,93,0,0
642046,6866075,93,0,-4.23816,131421,93,0,0
642046,6866075,93,0,-61.6266,262749,93,0,0
642046,6866075,93,0,-119.015,394077,93,0,0
642046,6866075,93,0,-119.015,525405,93,0,0
642046,6866075,93,0,-176.403,656733,93,0,0
642071,6866075,94,0,53.734,94,94,0,0
642071,6866075,94,0,-3.75171,131422,94,0,0
642071,6866075,94,0,-61.2374,262750,94,0,0
642071,6866075,94,0,-118.723,394078,94,0,0
642071,6866075,94,0,-118.723,525406,94,0,0
642071,6866075,94,0,-176.209,656734,94,0,0
642096,6866075,95,0,54.3013,95,95,0,0
642096,6866075,95,0,-3.27895,131423,95,0,0
642096,6866075,95,0,-60.8592,262751,95,0,0
642096,6866075,95,0,-118.439,394079,95,0,0
642096,6866075,95,0,-118.439,525407,95,0,0
642096,6866075,95,0,-176.02,656735,95,0,0
642121,6866075,96,0,54.8498,96,96,0,0
642121,6866075,96,0,-2.82185,131424,96,0,0
642121,6866075,96,0,-60.4935,262752,96,0,0
642121,6866075,96,0,-118.165,394080,96,0,0
642121,6866075,96,0,-118.165,525408,96,0,0
642121,6866075,96,0,-175.837,656736,96,0,0
642145,6866075,97,0,55.3783,97,97,0,0
642145,6866075,97,0,-2.38145,131425,97,0,0
642145,6866075,97,0,-60.1412,262753,97,0,0
642145,6866075,97,0,-117.901,394081,97,0,0
642145,6866075,97,0,-117.901,525409,97,0,0
642145,6866075,97,0,-175.661,656737,97,0,0
642170,6866075,98,0,55.8842,98,98,0,0
642170,6866075,98,0,-1.95979,131426,98,0,0
642170,6866075,98,0,-59.8038,262754,98,0,0
642170,6866075,98,0,-117.648,394082,98,0,0
642170,6866075,98,0,-117.648,525410,98,0,0
642170,6866075,98,0,-175.492,656738,98,0,0
642195,6866075,99,0,56.3663,99,99,0,0
642195,6866075,99,0,-1.55801,131427,99,0,0
642195,6866075,99,0,-59.4824,262755,99,0,0
642195,6866075,99,0,-117.407,394083,99,0,0
642195,6866075,99,0,-117.407,525411,99,0,0
642195,6866075,99,0,-175.331,656739,99,0,0
642220,6866075,100,0,56.8237,100,100,0,0
642220,6866075,100,0,-1.1769,131428,100,0,0
642220,6866075,100,0,-59.1775,262756,100,0,0
642220,6866075,100,0,-117.178,394084,100,0,0
642220,6866075,100,0,-117.178,525412,100,0,0
642220,6866075,100,0,-175.179,656740,100,0,0
642245,6866075,101,0,57.2548,101,101,0,0
642245,6866075,101,0,-0.817673,131429,101,0,0
642245,6866075,101,0,-58.8902,262757,101,0,0
642245,6866075,101,0,-116.963,394085,101,0,0
642245,6866075,101,0,-116.963,525413,101,0,0
642245,6866075,101,0,-175.035,656741,101,0,0
642270,6866075,102,0,57.6589,102,102,0,0
642270,6866075,102,0,-0.480932,131430,102,0,0
642270,6866075,102,0,-58.6207,262758,102,0,0
642270,6866075,102,0,-116.761,394086,102,0,0
642270,6866075,102,0,-116.761,525414,102,0,0
642270,6866075,102,0,-174.9,656742,102,0,0
642295,6866075,103,0,58.0349,103,103,0,0
642295,6866075,103,0,-0.167638,131431,103,0,0
642295,6866075,103,0,-58.3702,262759,103,0,0
642295,6866075,103,0,-116.573,394087,103,0,0
642295,6866075,103,0,-116.573,525415,103,0,0
642295,6866075,103,0,-174.775,656743,103,0,0
642320,6866075,104,0,58.3823,104,104,0,0
642320,6866075,104,0,0.1219,131432,104,0,0
642320,6866075,104,0,-58.1385,262760,104,0,0
642320,6866075,104,0,-116.399,394088,104,0,0
642320,6866075,104,0,-116.399,525416,104,0,0
642320,6866075,104,0,-174.659,656744,104,0,0
642345,6866075,105,0,58.6996,105,105,0,0
642345,6866075,105,0,0.386312,131433,105,0,0
642345,6866075,105,0,-57.927,262761,105,0,0
642345,6866075,105,0,-116.24,394089,105,0,0
642345,6866075,105,0,-116.24,525417,105,0,0
642345,6866075,105,0,-174.553,656745,105,0,0
642370,6866075,106,0,58.9864,106,106,0,0
642370,6866075,106,0,0.625348,131434,106,0,0
642370,6866075,106,0,-57.7357,262762,106,0,0
642370,6866075,106,0,-116.097,394090,106,0,0
642370,6866075,106,0,-116.097,525418,106,0,0
642370,6866075,106,0,-174.458,656746,106,0,0
642395,6866075,107,0,59.2421,107,107,0,0
642395,6866075,107,0,0.838445,131435,107,0,0
642395,6866075,107,0,-57.5653,262763,107,0,0
642395,6866075,107,0,-115.969,394091,107,0,0
642395,6866075,107,0,-115.969,525419,107,0,0
642395,6866075,107,0,-174.373,656747,107,0,0
642420,6866075,108,0,59.4675,108,108,0,0
642420,6866075,108,0,1.02628,131436,108,0,0
642420,6866075,108,0,-57.4149,262764,108,0,0
642420,6866075,108,0,-115.856,394092,108,0,0
642420,6866075,108,0,-115.856,525420,108,0,0
642420,6866075,108,0,-174.297,656748,108,0,0
642444,6866075,109,0,59.6631,109,109,0,0
642444,6866075,109,0,1.18925,131437,109,0,0
642444,6866075,109,0,-57.2846,262765,109,0,0
642444,6866075,109,0,-115.758,394093,109,0,0
642444,6866075,109,0,-115.758,525421,109,0,0
642444,6866075,109,0,-174.232,656749,109,0,0
642469,6866075,110,0,59.8294,110,110,0,0
642469,6866075,110,0,1.32779,131438,110,0,0
642469,6866075,110,0,-57.1738,262766,110,0,0
642469,6866075,110,0,-115.675,394094,110,0,0
642469,6866075,110,0,-115.675,525422,110,0,0
642469,6866075,110,0,-174.177,656750,110,0,0
642494,6866075,111,0,59.967,111,111,0,0
642494,6866075,111,0,1.44258,131439,111,0,0
642494,6866075,111,0,-57.0819,262767,111,0,0
642494,6866075,111,0,-115.606,394095,111,0,0
642494,6866075,111,0,-115.606,525423,111,0,0
642494,6866075,111,0,-174.131,656751,111,0,0
642519,6866075,112,0,60.0765,112,112,0,0
642519,6866075,112,0,1.53373,131440,112,0,0
642519,6866075,112,0,-57.009,262768,112,0,0
642519,6866075,112,0,-115.552,394096,112,0,0
642519,6866075,112,0,-115.552,525424,112,0,0
642519,6866075,112,0,-174.094,656752,112,0,0
642544,6866075,113,0,60.1594,113,113,0,0
642544,6866075,113,0,1.60285,131441,113,0,0
642544,6866075,113,0,-56.9537,262769,113,0,0
642544,6866075,113,0,-115.51,394097,113,0,0
642544,6866075,113,0,-115.51,525425,113,0,0
642544,6866075,113,0,-174.067,656753,113,0,0
642569,6866075,114,0,60.2166,114,114,0,0
642569,6866075,114,0,1.65051,131442,114,0,0
642569,6866075,114,0,-56.9155,262770,114,0,0
642569,6866075,114,0,-115.482,394098,114,0,0
642569,6866075,114,0,-115.482,525426,114,0,0
642569,6866075,114,0,-174.048,656754,114,0,0
642594,6866075,115,0,60.2502,115,115,0,0
642594,6866075,115,0,1.67855,131443,115,0,0
642594,6866075,115,0,-56.8931,262771,115,0,0
642594,6866075,115,0,-115.465,394099,115,0,0
642594,6866075,115,0,-115.465,525427,115,0,0
642594,6866075,115,0,-174.037,656755,115,0,0
642619,6866075,116,0,60.2622,116,116,0,0
642619,6866075,116,0,1.68848,131444,116,0,0
642619,6866075,116,0,-56.8852,262772,116,0,0
642619,6866075,116,0,-115.459,394100,116,0,0
642619,6866075,116,0,-115.459,525428,116,0,0
642619,6866075,116,0,-174.033,656756,116,0,0
642644,6866075,117,0,60.254,117,117,0,0
642644,6866075,117,0,1.68165,131445,117,0,0
642644,6866075,117,0,-56.8907,262773,117,0,0
642644,6866075,117,0,-115.463,394101,117,0,0
642644,6866075,117,0,-115.463,525429,117,0,0
642644,6866075,117,0,-174.035,656757,117,0,0
642669,6866075,118,0,60.227,118,118,0,0
642669,6866075,118,0,1.65918,131446,118,0,0
642669,6866075,118,0,-56.9087,262774,118,0,0
642669,6866075,118,0,-115.477,394102,118,0,0
642669,6866075,118,0,-115.477,525430,118,0,0
642669,6866075,118,0,-174.044,656758,118,0,0
642694,6866075,119,0,60.1842,119,119,0,0
642694,6866075,119,0,1.62354,131447,119,0,0
642694,6866075,119,0,-56.9371,262775,119,0,0
642694,6866075,119,0,-115.498,394103,119,0,0
642694,6866075,119,0,-115.498,525431,119,0,0
642694,6866075,119,0,-174.059,656759,119,0,0
642719,6866075,120,0,60.1282,120,120,0,0
642719,6866075,120,0,1.57684,131448,120,0,0
642719,6866075,120,0,-56.9745,262776,120,0,0
642719,6866075,120,0,-115.526,394104,120,0,0
642719,6866075,120,0,-115.526,525432,120,0,0
642719,6866075,120,0,-174.077,656760,120,0,0
642743,6866075,121,0,60.0599,121,121,0,0
642743,6866075,121,0,1.51993,131449,121,0,0
642743,6866075,121,0,-57.0201,262777,121,0,0
642743,6866075,121,0,-115.56,394105,121,0,0
642743,6866075,121,0,-115.56,525433,121,0,0
642743,6866075,121,0,-174.1,656761,121,0,0
642768,6866075,122,0,59.983,122,122,0,0
642768,6866075,122,0,1.45587,131450,122,0,0
642768,6866075,122,0,-57.0713,262778,122,0,0
642768,6866075,122,0,-115.598,394106,122,0,0
642768,6866075,122,0,-115.598,525434,122,0,0
642768,6866075,122,0,-174.126,656762,122,0,0
642793,6866075,123,0,59.8988,123,123,0,0
642793,6866075,123,0,1.38569,131451,123,0,0
642793,6866075,123,0,-57.1274,262779,123,0,0
642793,6866075,123,0,-115.641,394107,123,0,0
642793,6866075,123,0,-115.641,525435,123,0,0
642793,6866075,123,0,-174.154,656763,123,0,0
642818,6866075,124,0,59.8099,124,124,0,0
642818,6866075,124,0,1.31156,131452,124,0,0
642818,6866075,124,0,-57.1867,262780,124,0,0
642818,6866075,124,0,-115.685,394108,124,0,0
642818,6866075,124,0,-115.685,525436,124,0,0
642818,6866075,124,0,-174.183,656764,124,0,0
642843,6866075,125,0,59.7184,125,125,0,0
642843,6866075,125,0,1.23533,131453,125,0,0
642843,6866075,125,0,-57.2478,262781,125,0,0
642843,6866075,125,0,-115.731,394109,125,0,0
642843,6866075,125,0,-115.731,525437,125,0,0
642843,6866075,125,0,-174.214,656765,125,0,0
642868,6866075,126,0,59.6264,126,126,0,0
642868,6866075,126,0,1.15866,131454,126,0,0
642868,6866075,126,0,-57.3091,262782,126,0,0
642868,6866075,126,0,-115.777,394110,126,0,0
642868,6866075,126,0,-115.777,525438,126,0,0
642868,6866075,126,0,-174.245,656766,126,0,0
642893,6866075,127,0,59.5361,127,127,0,0
642893,6866075,127,0,1.08341,131455,127,0,0
642893,6866075,127,0,-57.3692,262783,127,0,0
642893,6866075,127,0,-115.822,394111,127,0,0
642893,6866075,127,0,-115.822,525439,127,0,0
642893,6866075,127,0,-174.275,656767,127,0,0
642918,6866075,128,0,59.4487,128,128,0,0
642918,6866075,128,0,1.01058,131456,128,0,0
642918,6866075,128,0,-57.4275,262784,128,0,0
642918,6866075,128,0,-115.866,394112,128,0,0
642918,6866075,128,0,-115.866,525440,128,0,0
642918,6866075,128,0,-174.304,656768,128,0,0
642943,6866075,129,0,59.3663,129,129,0,0
642943,6866075,129,0,0.941915,131457,129,0,0
642943,6866075,129,0,-57.4825,262785,129,0,0
642943,6866075,129,0,-115.907,394113,129,0,0
642943,6866075,129,0,-115.907,525441,129,0,0
642943,6866075,129,0,-174.331,656769,129,0,0
642968,6866075,130,0,59.2901,130,130,0,0
642968,6866075,130,0,0.878431,131458,130,0,0
642968,6866075,130,0,-57.5333,262786,130,0,0
642968,6866075,130,0,-115.945,394114,130,0,0
642968,6866075,130,0,-115.945,525442,130,0,0
642968,6866075,130,0,-174.357,656770,130,0,0
642993,6866075,131,0,59.2217,131,131,0,0
642993,6866075,131,0,0.821472,131459,131,0,0
642993,6866075,131,0,-57.5788,262787,131,0,0
642993,6866075,131,0,-115.979,394115,131,0,0
642993,6866075,131,0,-115.979,525443,131,0,0
642993,6866075,131,0,-174.379,656771,131,0,0
643018,6866075,132,0,59.1616,132,132,0,0
643018,6866075,132,0,0.771345,131460,132,0,0
643018,6866075,132,0,-57.6189,262788,132,0,0
643018,6866075,132,0,-116.009,394116,132,0,0
643018,6866075,132,0,-116.009,525444,132,0,0
643018,6866075,132,0,-174.399,656772,132,0,0
643042,6866075,133,0,59.1113,133,133,0,0
643042,6866075,133,0,0.72934,131461,133,0,0
643042,6866075,133,0,-57.6526,262789,133,0,0
643042,6866075,133,0,-116.034,394117,133,0,0
643042,6866075,133,0,-116.034,525445,133,0,0
643042,6866075,133,0,-174.416,656773,133,0,0
643067,6866075,134,0,59.0707,134,134,0,0
643067,6866075,134,0,0.695618,131462,134,0,0
643067,6866075,134,0,-57.6795,262790,134,0,0
643067,6866075,134,0,-116.055,394118,134,0,0
643067,6866075,134,0,-116.055,525446,134,0,0
643067,6866075,134,0,-174.43,656774,134,0,0
643092,6866075,135,0,59.0412,135,135,0,0
643092,6866075,135,0,0.670993,131463,135,0,0
643092,6866075,135,0,-57.6992,262791,135,0,0
643092,6866075,135,0,-116.069,394119,135,0,0
643092,6866075,135,0,-116.069,525447,135,0,0
643092,6866075,135,0,-174.44,656775,135,0,0
643117,6866075,136,0,59.0236,136,136,0,0
643117,6866075,136,0,0.656275,131464,136,0,0
643117,6866075,136,0,-57.711,262792,136,0,0
643117,6866075,136,0,-116.078,394120,136,0,0
643117,6866075,136,0,-116.078,525448,136,0,0
643117,6866075,136,0,-174.446,656776,136,0,0
643142,6866075,137,0,59.0167,137,137,0,0
643142,6866075,137,0,0.650604,131465,137,0,0
643142,6866075,137,0,-57.7155,262793,137,0,0
643142,6866075,137,0,-116.082,394121,137,0,0
643142,6866075,137,0,-116.082,525449,137,0,0
643142,6866075,137,0,-174.448,656777,137,0,0
643167,6866075,138,0,59.0219,138,138,0,0
643167,6866075,138,0,0.65491,131466,138,0,0
643167,6866075,138,0,-57.7121,262794,138,0,0
643167,6866075,138,0,-116.079,394122,138,0,0
643167,6866075,138,0,-116.079,525450,138,0,0
643167,6866075,138,0,-174.446,656778,138,0,0
643192,6866075,139,0,59.039,139,139,0,0
643192,6866075,139,0,0.669136,131467,139,0,0
643192,6866075,139,0,-57.7007,262795,139,0,0
643192,6866075,139,0,-116.071,394123,139,0,0
643192,6866075,139,0,-116.071,525451,139,0,0
643192,6866075,139,0,-174.44,656779,139,0,0
643217,6866075,140,0,59.0669,140,140,0,0
643217,6866075,140,0,0.692411,131468,140,0,0
643217,6866075,140,0,-57.6821,262796,140,0,0
643217,6866075,140,0,-116.057,394124,140,0,0
643217,6866075,140,0,-116.057,525452,140,0,0
643217,6866075,140,0,-174.431,656780,140,0,0
643242,6866075,141,0,59.1062,141,141,0,0
643242,6866075,141,0,0.72524,131469,141,0,0
643242,6866075,141,0,-57.6558,262797,141,0,0
643242,6866075,141,0,-116.037,394125,141,0,0
643242,6866075,141,0,-116.037,525453,141,0,0
643242,6866075,141,0,-174.418,656781,141,0,0
643267,6866075,142,0,59.1559,142,142,0,0
643267,6866075,142,0,0.766556,131470,142,0,0
643267,6866075,142,0,-57.6228,262798,142,0,0
643267,6866075,142,0,-116.012,394126,142,0,0
643267,6866075,142,0,-116.012,525454,142,0,0
643267,6866075,142,0,-174.401,656782,142,0,0
643292,6866075,143,0,59.2152,143,143,0,0
643292,6866075,143,0,0.815976,131471,143,0,0
643292,6866075,143,0,-57.5832,262799,143,0,0
643292,6866075,143,0,-115.982,394127,143,0,0
643292,6866075,143,0,-115.982,525455,143,0,0
643292,6866075,143,0,-174.382,656783,143,0,0
643316,6866075,144,0,59.2843,144,144,0,0
643316,6866075,144,0,0.873561,131472,144,0,0
643316,6866075,144,0,-57.5372,262800,144,0,0
643316,6866075,144,0,-115.948,394128,144,0,0
643316,6866075,144,0,-115.948,525456,144,0,0
643316,6866075,144,0,-174.359,656784,144,0,0
643341,6866075,145,0,59.3611,145,145,0,0
643341,6866075,145,0,0.937541,131473,145,0,0
643341,6866075,145,0,-57.486,262801,145,0,0
643341,6866075,145,0,-115.91,394129,145,0,0
643341,6866075,145,0,-115.91,525457,145,0,0
643341,6866075,145,0,-174.333,656785,145,0,0
643366,6866075,146,0,59.4444,146,146,0,0
643366,6866075,146,0,1.007,131474,146,0,0
643366,6866075,146,0,-57.4304,262802,146,0,0
643366,6866075,146,0,-115.868,394130,146,0,0
643366,6866075,146,0,-115.868,525458,146,0,0
643366,6866075,146,0,-174.305,656786,146,0,0
643391,6866075,147,0,59.5334,147,147,0,0
643391,6866075,147,0,1.08117,131475,147,0,0
643391,6866075,147,0,-57.3711,262803,147,0,0
643391,6866075,147,0,-115.823,394131,147,0,0
643391,6866075,147,0,-115.823,525459,147,0,0
643391,6866075,147,0,-174.276,656787,147,0,0
643416,6866075,148,0,59.6266,148,148,0,0
643416,6866075,148,0,1.15882,131476,148,0,0
643416,6866075,148,0,-57.3089,262804,148,0,0
643416,6866075,148,0,-115.777,394132,148,0,0
643416,6866075,148,0,-115.777,525460,148,0,0
643416,6866075,148,0,-174.244,656788,148,0,0
643441,6866075,149,0,59.7232,149,149,0,0
643441,6866075,149,0,1.23935,131477,149,0,0
643441,6866075,149,0,-57.2445,262805,149,0,0
643441,6866075,149,0,-115.728,394133,149,0,0
643441,6866075,149,0,-115.728,525461,149,0,0
643441,6866075,149,0,-174.212,656789,149,0,0
643466,6866075,150,0,59.8216,150,150,0,0
643466,6866075,150,0,1.32137,131478,150,0,0
643466,6866075,150,0,-57.1789,262806,150,0,0
643466,6866075,150,0,-115.679,394134,150,0,0
643466,6866075,150,0,-115.679,525462,150,0,0
643466,6866075,150,0,-174.179,656790,150,0,0
643491,6866075,151,0,59.9197,151,151,0,0
643491,6866075,151,0,1.40308,131479,151,0,0
643491,6866075,151,0,-57.1136,262807,151,0,0
643491,6866075,151,0,-115.63,394135,151,0,0
643491,6866075,151,0,-115.63,525463,151,0,0
643491,6866075,151,0,-174.147,656791,151,0,0
643516,6866075,152,0,60.0157,152,152,0,0
643516,6866075,152,0,1.48307,131480,152,0,0
643516,6866075,152,0,-57.0495,262808,152,0,0
643516,6866075,152,0,-115.582,394136,152,0,0
643516,6866075,152,0,-115.582,525464,152,0,0
643516,6866075,152,0,-174.115,656792,152,0,0
643541,6866075,153,0,60.1068,153,153,0,0
643541,6866075,153,0,1.55906,131481,153,0,0
643541,6866075,153,0,-56.9887,262809,153,0,0
643541,6866075,153,0,-115.536,394137,153,0,0
643541,6866075,153,0,-115.536,525465,153,0,0
643541,6866075,153,0,-174.084,656793,153,0,0
643566,6866075,154,0,60.1932,154,154,0,0
643566,6866075,154,0,1.63105,131482,154,0,0
643566,6866075,154,0,-56.9312,262810,154,0,0
643566,6866075,154,0,-115.493,394138,154,0,0
643566,6866075,154,0,-115.493,525466,154,0,0
643566,6866075,154,0,-174.056,656794,154,0,0
643591,6866075,155,0,60.2739,155,155,0,0
643591,6866075,155,0,1.69825,131483,155,0,0
643591,6866075,155,0,-56.8774,262811,155,0,0
643591,6866075,155,0,-115.453,394139,155,0,0
643591,6866075,155,0,-115.453,525467,155,0,0
643591,6866075,155,0,-174.029,656795,155,0,0
643615,6866075,156,0,60.3447,156,156,0,0
643615,6866075,156,0,1.75725,131484,156,0,0
643615,6866075,156,0,-56.8302,262812,156,0,0
643615,6866075,156,0,-115.418,394140,156,0,0
643615,6866075,156,0,-115.418,525468,156,0,0
643615,6866075,156,0,-174.005,656796,156,0,0
643640,6866075,157,0,60.4036,157,157,0,0
643640,6866075,157,0,1.80632,131485,157,0,0
643640,6866075,157,0,-56.7909,262813,157,0,0
643640,6866075,157,0,-115.388,394141,157,0,0
643640,6866075,157,0,-115.388,525469,157,0,0
643640,6866075,157,0,-173.985,656797,157,0,0
643665,6866075,158,0,60.4493,158,158,0,0
643665,6866075,158,0,1.84441,131486,158,0,0
643665,6866075,158,0,-56.7604,262814,158,0,0
643665,6866075,158,0,-115.365,394142,158,0,0
643665,6866075,158,0,-115.365,525470,158,0,0
643665,6866075,158,0,-173.97,656798,158,0,0
643690,6866075,159,0,60.4791,159,159,0,0
643690,6866075,159,0,1.86918,131487,159,0,0
643690,6866075,159,0,-56.7407,262815,159,0,0
643690,6866075,159,0,-115.351,394143,159,0,0
643690,6866075,159,0,-115.351,525471,159,0,0
643690,6866075,159,0,-173.96,656799,159,0,0
643715,6866075,160,0,60.4921,160,160,0,0
643715,6866075,160,0,1.88008,131488,160,0,0
643715,6866075,160,0,-56.732,262816,160,0,0
643715,6866075,160,0,-115.344,394144,160,0,0
643715,6866075,160,0,-115.344,525472,160,0,0
643715,6866075,160,0,-173.956,656800,160,0,0
643740,6866075,161,0,60.4867,161,161,0,0
643740,6866075,161,0,1.87558,131489,161,0,0
643740,6866075,161,0,-56.7356,262817,161,0,0
643740,6866075,161,0,-115.347,394145,161,0,0
643740,6866075,161,0,-115.347,525473,161,0,0
643740,6866075,161,0,-173.958,656801,161,0,0
643765,6866075,162,0,60.4607,162,162,0,0
643765,6866075,162,0,1.85395,131490,162,0,0
643765,6866075,162,0,-56.7528,262818,162,0,0
643765,6866075,162,0,-115.36,394146,162,0,0
643765,6866075,162,0,-115.36,525474,162,0,0
643765,6866075,162,0,-173.966,656802,162,0,0
643790,6866075,163,0,60.4119,163,163,0,0
643790,6866075,163,0,1.81329,131491,163,0,0
643790,6866075,163,0,-56.7853,262819,163,0,0
643790,6866075,163,0,-115.384,394147,163,0,0
643790,6866075,163,0,-115.384,525475,163,0,0
643790,6866075,163,0,-173.983,656803,163,0,0
643815,6866075,164,0,60.3403,164,164,0,0
643815,6866075,164,0,1.75363,131492,164,0,0
643815,6866075,164,0,-56.8331,262820,164,0,0
643815,6866075,164,0,-115.42,394148,164,0,0
643815,6866075,164,0,-115.42,525476,164,0,0
643815,6866075,164,0,-174.006,656804,164,0,0
643840,6866075,165,0,60.2432,165,165,0,0
643840,6866075,165,0,1.67267,131493,165,0,0
643840,6866075,165,0,-56.8979,262821,165,0,0
643840,6866075,165,0,-115.468,394149,165,0,0
643840,6866075,165,0,-115.468,525477,165,0,0
643840,6866075,165,0,-174.039,656805,165,0,0
643865,6866075,166,0,60.1193,166,166,0,0
643865,6866075,166,0,1.56942,131494,166,0,0
643865,6866075,166,0,-56.9805,262822,166,0,0
